{
    "Stock": "DIS",
    "Price": "105.60 ",
    "Change": "+0.17 ",
    "Change (%)": "+(0.16%) ",
    "Previous Close": "105.43 ",
    "Open": "105.00 ",
    "Bid": "104.84 x 900",
    "Ask": "104.81 x 900",
    "Day's Range": "103.31 - 105.77 ",
    "52 Week Range": "83.91 - 123.74 ",
    "Volume": "10,126,102 ",
    "Avg. Volume": "8,353,003 ",
    "Market Cap (intraday)": "190.903B ",
    "Beta (5Y Monthly)": "1.41",
    "PE Ratio (TTM)": "34.29 ",
    "EPS (TTM)": "3.08 ",
    "Earnings Date": "May 5, 2025 - May 9, 2025",
    "Forward Dividend & Yield": "1.00 (0.95%)",
    "Ex-Dividend Date": "Jun 24, 2025",
    "1y Target Est": "127.07 "
}